1,pbkdf2_sha256$1200000$mLRQXSp1K1KtIIA5JHpCrX$dYdsgmqPPkcsvLxovhj2HZEYKRo1c0tyUhWWM54xU8k=,2026-03-19 12:48:45.304425,1,admin,,,admin@test.ac.uk,1,1,,,0,2026-03-19 12:48:45.304425,59:09.8,,1
2,pbkdf2_sha256$1200000$04snNvFB7D96gLssiOQar2$akuQA1ZT6cVrR+r6yaNJFNUve5P1Y+aaHGextO/+obs=,2026-03-19 12:48:45.304426,0,do2g22@soton.ac.uk,David,Onasanya,do2g22@soton.ac.uk,0,1,,do2g22@soton.ac.uk,0,2026-03-19 12:48:45.304426,39:09.9,,6
3,pbkdf2_sha256$1200000$I8Ep8ucsT1RXfZeSyy5GSB$CVckfqqbKF2I15DFMAc/uU65gDnpxdJguD9xTWhT/B0=,2026-03-19 12:48:45.304427,0,jacksonclak@soton.ac.uk,Jackson,Clark,jacksonclak@soton.ac.uk,0,1,,Southampton Council,0,2026-03-19 12:48:45.304427,40:19.7,,
4,pbkdf2_sha256$1200000$fF0RmS62PXjIXF6uWTVdV9$OhprRJU5lu5Nh/0M0XPvr7DzLydukKNq9AHqm04e0Nk=,2026-03-19 12:48:45.304428,0,kijokog@mailinator.com,Gannon,Weiss,kijokog@mailinator.com,0,1,,Figueroa Combs Traders,0,2026-03-19 12:48:45.304428,40:26.9,,6
5,pbkdf2_sha256$1200000$DO89f7HNHo9ee9tzZIVSLg$X6PSewqq85JZOdVDnnB3P1jE9glFqqU/S4v69aQJbiw=,2026-03-19 12:48:45.304429,0,kosi@mailinator.com,Donna,Juarez,kosi@mailinator.com,0,1,,Mckay and Pugh Inc,0,2026-03-19 12:48:45.304429,40:37.9,,
6,pbkdf2_sha256$1200000$jy5XPkAnPzV1yDmLbN2bcq$mP44vNTYxShgf/yoZ6AVjkmfB6UODYumwmMzGLkIE5M=,2026-03-19 12:48:45.304430,0,huqekahe@mailinator.com,Paul,Brennan,huqekahe@mailinator.com,0,1,,Horne Preston LLC,0,2026-03-19 12:48:45.304430,40:42.4,,
7,pbkdf2_sha256$1200000$S77NeclUr4RognX7oDfcFf$pTowub8poUo/S+HFRD48ZmixmhMXh0ArPD8WZ6f5o0k=,2026-03-19 12:48:45.304431,0,suqujycup@mailinator.com,Nomlanga,Leblanc,suqujycup@mailinator.com,0,1,,Petty and Garrett Inc,0,2026-03-19 12:48:45.304431,40:46.7,,
8,pbkdf2_sha256$1200000$4PymMp9pmprK4eEyXpVdVt$XZDuf2UKLS2kU3ArRZd6i9lTkmDbyXEYdEQDDgdpOUQ=,2026-03-19 12:48:45.304432,0,qodugi@mailinator.com,Lacy,Porter,qodugi@mailinator.com,0,1,,Gilbert Stephenson Traders,0,2026-03-19 12:48:45.304432,40:50.9,,
9,pbkdf2_sha256$1200000$8ouhD6ndSHtiTYmJfw58dQ$iwgCXvUg5XQ/cn9M89lygDZmM/joyPE6Ai1uiCKDEbE=,2026-03-19 12:48:45.304433,0,pafakaq@mailinator.com,Thor,Moran,pafakaq@mailinator.com,0,1,,Holt and Osborn LLC,0,2026-03-19 12:48:45.304433,40:54.9,,
10,pbkdf2_sha256$1200000$cWI70VHhjC8LmmXLGKOLFF$oPGz3xAoCLCZqJQ20mPbF19gYBHhtGh7BmaV8KrgAjw=,2026-03-19 12:48:45.304434,0,dylimohi@mailinator.com,Elizabeth,Gordon,dylimohi@mailinator.com,0,1,,Rose and West Co,0,2026-03-19 12:48:45.304434,41:01.4,,
11,pbkdf2_sha256$1200000$ijXokeonXpBxCeX6Yyo13g$yCdqVwh04mFRwWG2CYBNPEQ39n36ZhG2xWDAGKxHYXU=,2026-03-19 12:48:45.304435,0,hehit@mailinator.com,Hall,Delacruz,hehit@mailinator.com,0,1,,Pacheco and Estrada Inc,0,2026-03-19 12:48:45.304435,41:05.4,,
12,pbkdf2_sha256$1200000$aOMXZF4iGE12Qs7GCqObp2$pAYkeTj8kd/Mm4j4Z4+F46K76eVgnqI0cfR2zneam6g=,2026-03-19 12:48:45.304436,0,ryron@mailinator.com,Leah,Copeland,ryron@mailinator.com,0,1,,Elliott and Salinas Associates,0,2026-03-19 12:48:45.304436,41:09.0,,
13,pbkdf2_sha256$1200000$2zm2hfNHl6qFMpHhYL4uv4$Qaic/BLoJ2nF+JADpXfV78Btr48bt7w57vxXLheuCmU=,2026-03-19 12:48:45.304437,0,mykol@mailinator.com,Byron,Sharpe,mykol@mailinator.com,0,1,,Sandoval Le Co,0,2026-03-19 12:48:45.304437,41:13.7,,6
14,pbkdf2_sha256$1200000$hBfMs6wDBmtqk2h2oozqHa$JwJZz4duXJmqpWxbi1Yy64GeXsnywFuBk/mMAjap+fI=,2026-03-19 12:48:45.304438,0,qozop@mailinator.com,Karen,Battle,qozop@mailinator.com,0,1,,Hickman and Cardenas Trading,0,2026-03-19 12:48:45.304438,41:18.9,,
15,pbkdf2_sha256$1200000$6kRSnJkZi6uuLYeZrBCVZi$XlR0m4Bmk4Uf3vJQ11g+NZnzdCICipgiFCh3HcZkahY=,2026-03-19 12:48:45.304439,0,pidojyte@mailinator.com,Armand,Scott,pidojyte@mailinator.com,0,1,,Bowen and Luna Inc,0,2026-03-19 12:48:45.304439,41:47.9,,
16,pbkdf2_sha256$1200000$nkXAjyFkyB2GOgDmSfS9gr$xCOQenLapkZSrnGlgVg4A67ZhICZ8Vr76kDWCw/YukQ=,2026-03-19 12:48:45.304440,0,nixakyxup@mailinator.com,Patricia,Neal,nixakyxup@mailinator.com,0,1,,Kemp and Walls Plc,0,2026-03-19 12:48:45.304440,41:52.2,,6
17,pbkdf2_sha256$1200000$c4Cta4wA6UJPwj1EwgTcMK$95oT5bAQXZZIeDGJul4Qx8aCLhcRgSjbmubvBdS6xEs=,2026-03-19 12:48:45.304441,0,masalu@mailinator.com,Maryam,Holloway,masalu@mailinator.com,0,1,,Hanson Terry LLC,0,2026-03-19 12:48:45.304441,01:25.7,,6
18,pbkdf2_sha256$1200000$5YXsJlBgwUThlsagZ8XeBA$PwdZaKJ19xqKespqclnHf0oaA/UQIDkMwrABSkm0JWw=,2026-03-19 12:48:45.304442,0,kudokiquv@mailinator.com,Zena,Hodges,kudokiquv@mailinator.com,0,1,,Lane and Lyons Plc,0,2026-03-19 12:48:45.304442,13:44.5,,
19,pbkdf2_sha256$1200000$bC4xUNndlYizVSDYiTemXU$dogKjBbb5RMjCak+Vh6jVn4dMfqvjvUfMV6yOjMG4Ms=,2026-03-19 12:48:45.304443,0,fezuha@mailinator.com,Tyler,Ramos,fezuha@mailinator.com,0,1,,Hall Swanson Traders,0,2026-03-19 12:48:45.304443,14:31.3,,
20,pbkdf2_sha256$1200000$DQj8IVmx9cu2t9D63CL9jv$SADpancvgvOQpDMLfhOodXGIIzXhYSdoHbg3vUH3f8g=,2026-03-19 12:48:45.304444,0,pocyhukaky@mailinator.com,Dora,Clemons,pocyhukaky@mailinator.com,0,1,,Dominguez and Pennington Traders,0,2026-03-19 12:48:45.304444,17:47.6,,6